,Id,MSSubClass,LotFrontage,LotArea,OverallQual,OverallCond,YearBuilt,YearRemodAdd,MasVnrArea,BsmtFinSF1,BsmtFinSF2,BsmtUnfSF,TotalBsmtSF,1stFlrSF,2ndFlrSF,LowQualFinSF,GrLivArea,BsmtFullBath,BsmtHalfBath,FullBath,HalfBath,BedroomAbvGr,KitchenAbvGr,TotRmsAbvGrd,Fireplaces,GarageYrBlt,GarageCars,GarageArea,WoodDeckSF,OpenPorchSF,EnclosedPorch,3SsnPorch,ScreenPorch,PoolArea,MiscVal,MoSold,YrSold,SalePrice
0,679,20,80.0,11844,8,5,2008,2008,464.0,0,0,2046,2046,2046,0,0,2046,0,0,2,1,3,1,7,1,2008.0,3,834,322,82,0,0,0,0,0,7,2009,4
1,535,60,74.0,9056,8,5,2004,2004,0.0,0,0,707,707,707,707,0,1414,0,0,2,1,3,1,6,1,2004.0,2,403,100,35,0,0,0,0,0,10,2006,2
2,22,45,57.0,7449,7,7,1930,1950,0.0,0,0,637,637,1108,0,0,1108,0,0,1,0,3,1,6,1,1930.0,1,280,0,0,205,0,0,0,0,6,2007,2
3,312,20,50.0,8000,6,6,1948,2002,0.0,680,0,292,972,972,0,0,972,1,0,1,0,2,1,5,1,1948.0,1,240,0,0,0,0,0,0,0,5,2009,2
4,1395,120,53.0,4045,7,5,2006,2006,45.0,1070,0,286,1356,1500,0,0,1500,1,0,2,0,2,1,6,1,2006.0,3,648,161,20,0,0,0,0,0,10,2006,3
5,145,90,70.0,9100,5,5,1963,1963,336.0,1332,0,396,1728,1728,0,0,1728,1,0,2,0,6,2,10,0,1963.0,2,504,0,0,0,0,0,0,0,11,2006,2
6,1016,60,70.0,8400,8,6,2001,2001,0.0,643,0,167,810,810,855,0,1665,1,0,2,1,3,1,6,0,2001.0,2,528,0,45,0,0,0,0,0,11,2009,3
7,1162,20,69.75590551181102,14778,6,7,1954,2006,72.0,728,0,568,1296,1640,0,0,1640,1,0,1,0,3,1,7,1,1993.0,2,924,108,0,0,216,0,0,0,11,2008,3
8,925,20,79.0,10240,6,6,1980,1980,157.0,625,1061,0,1686,1686,0,0,1686,1,0,2,0,3,1,7,1,1980.0,2,612,384,131,0,0,0,0,0,5,2006,3
9,715,60,69.75590551181102,13517,6,8,1976,2005,289.0,533,0,192,725,725,754,0,1479,0,0,2,1,3,1,6,0,1976.0,2,475,0,44,0,0,0,0,0,3,2010,2
10,914,90,82.0,6270,5,6,1949,1950,0.0,284,0,717,1001,1001,1001,0,2002,0,0,2,0,4,2,8,0,1949.0,3,871,0,0,0,0,0,0,0,8,2007,2
11,431,160,21.0,1680,6,5,1971,1971,232.0,387,0,96,483,483,504,0,987,0,0,1,1,2,1,4,0,1971.0,1,264,0,0,0,0,0,0,0,7,2008,1
12,1090,120,37.0,3316,8,5,2005,2005,0.0,1039,0,208,1247,1247,0,0,1247,1,0,1,1,1,1,4,1,2005.0,2,550,0,84,0,0,0,0,0,4,2006,2
13,712,50,66.0,8712,4,7,1900,1950,0.0,0,0,859,859,859,319,0,1178,0,0,1,0,2,1,7,0,1964.0,1,384,68,0,98,0,0,0,0,1,2010,2
14,1403,20,64.0,6762,7,5,2006,2006,0.0,0,0,1286,1286,1294,0,0,1294,0,0,2,0,2,1,6,1,2006.0,2,662,168,55,0,0,0,0,0,7,2006,2
15,962,60,69.75590551181102,12227,6,7,1977,1995,424.0,896,0,434,1330,1542,1330,0,2872,1,0,2,1,4,1,11,1,1977.0,2,619,550,282,0,0,0,0,0,7,2008,3
16,287,50,77.0,9786,6,7,1962,1981,0.0,600,0,312,912,1085,649,0,1734,0,0,1,1,3,1,7,1,1962.0,2,440,0,0,0,0,128,0,0,6,2006,2
17,711,30,56.0,4130,3,6,1935,2003,0.0,0,0,270,270,729,0,0,729,0,0,1,0,2,1,5,0,1979.0469314079423,0,0,0,0,0,0,0,0,0,7,2008,1
18,649,60,70.0,7700,6,5,1966,1966,351.0,0,0,756,756,1051,788,0,1839,0,0,1,1,4,1,7,1,1966.0,2,442,0,124,216,0,0,0,0,6,2010,2
19,1364,60,73.0,8499,6,5,2006,2007,0.0,0,0,616,616,616,796,0,1412,0,0,2,1,3,1,6,1,2007.0,2,432,0,36,0,0,0,0,0,3,2007,2
20,491,160,69.75590551181102,2665,5,6,1976,1976,0.0,0,0,264,264,616,688,0,1304,0,0,1,1,3,1,4,1,1976.0,1,336,141,24,0,0,0,0,0,6,2008,2
21,941,90,55.0,12640,6,5,1976,1976,0.0,936,396,396,1728,1728,0,0,1728,0,0,2,0,4,2,8,0,1976.0,2,574,40,0,0,0,0,0,0,7,2006,2
22,110,20,105.0,11751,6,6,1977,1977,480.0,705,0,1139,1844,1844,0,0,1844,0,0,2,0,3,1,7,1,1977.0,2,546,0,122,0,0,0,0,0,1,2010,2
23,560,120,69.75590551181102,3196,7,5,2003,2004,18.0,0,0,1374,1374,1557,0,0,1557,0,0,2,0,2,1,7,1,2003.0,2,420,143,20,0,0,0,0,0,10,2006,3
24,746,60,69.75590551181102,8963,8,9,1976,1996,289.0,575,80,487,1142,1175,1540,0,2715,0,1,3,1,4,1,11,2,1994.0,2,831,0,204,0,0,0,0,0,7,2008,3
25,1119,80,85.0,13825,5,6,1958,1987,0.0,0,0,533,533,1021,580,0,1601,0,1,1,0,3,1,6,0,1958.0,1,300,280,34,0,0,0,0,0,12,2008,2
26,1391,20,70.0,9100,7,5,2000,2000,244.0,1400,0,125,1525,1525,0,0,1525,1,0,2,0,3,1,6,0,2000.0,2,541,219,36,0,0,0,0,0,9,2006,3
27,93,30,80.0,13360,5,7,1921,2006,0.0,713,0,163,876,964,0,0,964,1,0,1,0,2,1,5,0,1921.0,2,432,0,0,44,0,0,0,0,8,2009,2
28,107,30,60.0,10800,4,7,1885,1995,0.0,0,0,641,641,1047,0,0,1047,0,0,1,0,2,1,6,0,1954.0,1,273,0,0,0,0,0,0,450,8,2007,2
29,1450,180,21.0,1533,5,7,1970,1970,0.0,553,0,77,630,630,0,0,630,1,0,1,0,1,1,3,0,1979.0469314079423,0,0,0,0,0,0,0,0,0,8,2006,1
30,623,20,71.0,7064,5,6,1977,1977,153.0,560,0,420,980,980,0,0,980,0,0,1,0,3,1,6,0,1986.0,2,484,192,0,0,0,0,0,0,7,2009,2
31,302,60,66.0,16226,8,5,1998,1999,0.0,281,0,747,1028,1210,1242,0,2452,0,0,2,1,4,1,9,1,1998.0,2,683,208,50,0,0,0,0,0,5,2007,3
32,1306,20,108.0,13173,9,5,2006,2007,300.0,1572,0,80,1652,1652,0,0,1652,1,0,2,0,2,1,6,2,2006.0,2,840,404,102,0,0,0,0,0,11,2009,4
33,1021,20,60.0,7024,4,5,2005,2005,0.0,1024,0,108,1132,1132,0,0,1132,1,0,1,1,2,1,5,0,2005.0,2,451,252,64,0,0,0,0,0,6,2008,2
34,388,80,72.0,7200,6,6,1976,1976,255.0,631,0,410,1041,1125,0,0,1125,1,0,1,0,3,1,6,1,1977.0,1,352,296,0,0,0,0,0,0,10,2009,2
35,1070,45,60.0,9600,5,7,1949,2003,0.0,220,0,625,845,893,0,0,893,0,1,1,0,2,1,4,0,1985.0,2,576,0,0,0,0,0,0,0,5,2007,2
36,112,80,69.75590551181102,7750,7,5,2000,2000,0.0,250,0,134,384,774,656,0,1430,0,0,2,1,3,1,7,1,2000.0,2,400,180,0,0,0,0,0,0,4,2010,2
37,1161,160,24.0,2280,6,5,1978,1978,0.0,311,0,544,855,855,601,0,1456,0,0,2,1,3,1,7,1,1978.0,2,440,26,0,0,0,0,0,0,7,2010,2
38,307,60,116.0,13474,7,5,1990,1991,246.0,700,0,0,700,1122,1121,0,2243,1,0,2,1,4,1,8,1,1990.0,3,746,127,44,224,0,0,0,0,6,2007,3
39,1404,20,49.0,15256,8,5,2007,2007,84.0,929,0,556,1485,1464,0,0,1464,1,0,2,0,3,1,6,0,2007.0,3,754,168,160,0,0,0,0,0,8,2007,3
40,1366,60,69.75590551181102,7500,7,5,2000,2000,0.0,533,0,281,814,814,860,0,1674,1,0,2,1,3,1,7,0,2000.0,2,663,0,96,0,0,0,0,0,1,2010,3
41,570,90,69.75590551181102,7032,5,5,1979,1979,0.0,943,0,0,943,943,0,0,943,1,0,1,0,2,1,4,2,1979.0,2,600,42,0,0,0,0,0,0,12,2006,2
42,1082,20,75.0,7500,5,5,1963,1963,0.0,824,0,216,1040,1040,0,0,1040,1,0,1,1,3,1,5,0,1963.0,1,308,0,0,220,0,0,0,0,6,2010,2
43,1086,85,73.0,9069,6,6,1992,1992,0.0,747,0,189,936,996,0,0,996,1,0,1,0,2,1,5,0,1992.0,2,564,120,0,0,0,0,0,0,4,2010,2
44,923,20,65.0,10237,6,5,2005,2006,0.0,28,0,1288,1316,1316,0,0,1316,0,0,2,0,3,1,6,1,2005.0,2,397,100,0,0,23,0,0,0,10,2006,2
45,1349,20,69.75590551181102,16196,7,5,1998,1998,0.0,1443,0,39,1482,1494,0,0,1494,1,0,2,0,3,1,5,1,1998.0,2,514,402,25,0,0,0,0,0,8,2007,3
46,722,120,69.75590551181102,4426,6,5,2004,2004,169.0,662,0,186,848,848,0,0,848,1,0,1,0,1,1,3,0,2004.0,2,420,160,0,0,0,0,0,0,5,2010,2
47,1402,60,62.0,7415,6,5,2004,2004,0.0,759,0,80,839,864,729,0,1593,1,0,2,1,3,1,8,1,2004.0,2,398,100,75,0,0,0,0,0,4,2008,2
48,965,60,80.0,11316,7,5,2002,2003,44.0,624,0,193,817,824,1070,0,1894,1,0,2,1,4,1,8,1,2002.0,2,510,0,40,0,0,0,0,0,2,2010,3
49,1056,20,104.0,11361,6,5,1976,1976,160.0,644,0,549,1193,1523,0,0,1523,0,1,2,0,3,1,7,1,1976.0,2,478,0,0,0,0,189,0,0,5,2008,2
50,634,20,80.0,9250,5,7,1954,2005,0.0,480,468,108,1056,1056,0,0,1056,0,1,1,0,3,1,6,0,1954.0,1,260,390,0,0,0,0,0,0,7,2007,2
51,733,60,75.0,11404,7,5,1998,1999,202.0,252,0,901,1153,1153,878,0,2031,0,0,2,1,3,1,8,1,1998.0,2,541,192,84,0,0,0,0,0,7,2008,3
52,1394,190,60.0,10800,6,7,1905,2000,0.0,0,0,482,482,1221,691,0,1912,0,0,2,0,3,2,7,1,2003.0,2,672,0,25,212,0,0,0,0,4,2008,2
53,1151,20,57.0,8280,6,5,1950,1950,0.0,0,0,932,932,932,0,0,932,0,0,1,0,2,1,4,1,1950.0,1,306,0,0,214,0,0,0,0,11,2007,2
54,479,20,79.0,10637,8,5,2007,2008,336.0,1288,0,417,1705,1718,0,0,1718,1,0,2,0,3,1,7,1,2007.0,3,826,208,44,0,0,0,0,0,9,2009,3
55,86,60,121.0,16059,8,5,1991,1992,284.0,0,0,1288,1288,1301,1116,0,2417,0,0,2,1,4,1,9,1,1991.0,2,462,127,82,0,0,0,0,0,4,2006,3
56,1061,120,41.0,4920,8,5,2001,2001,0.0,616,0,722,1338,1338,0,0,1338,1,0,2,0,2,1,6,0,2001.0,2,582,0,0,170,0,0,0,0,4,2010,3
57,645,20,85.0,9187,9,5,2009,2009,162.0,1121,0,645,1766,1766,0,0,1766,1,0,2,1,2,1,7,1,2009.0,3,478,195,130,0,0,0,0,0,10,2009,4
58,781,20,63.0,7875,7,5,1995,1996,38.0,0,0,1237,1237,1253,0,0,1253,0,0,2,0,3,1,6,1,1995.0,2,402,220,21,0,0,0,0,0,6,2007,2
59,525,60,95.0,11787,7,5,1996,1997,594.0,719,0,660,1379,1383,1015,0,2398,1,0,2,1,3,1,8,1,1996.0,3,834,239,60,0,0,0,0,0,8,2007,4
60,54,20,68.0,50271,9,5,1981,1987,0.0,1810,0,32,1842,1842,0,0,1842,2,0,0,1,0,1,5,1,1981.0,3,894,857,72,0,0,0,0,0,11,2006,4
61,1175,70,80.0,16560,6,8,1932,1950,0.0,503,0,449,952,1170,1175,0,2345,0,0,2,1,4,1,9,1,1932.0,2,360,0,0,0,0,0,0,0,7,2006,3
62,1247,60,65.0,8125,7,5,2005,2006,0.0,0,0,756,756,756,797,0,1553,0,0,2,1,3,1,6,0,2005.0,2,615,0,45,0,0,0,0,0,3,2006,2
63,997,20,69.75590551181102,10659,5,6,1961,1961,0.0,915,0,135,1050,1050,0,0,1050,1,0,1,0,3,1,6,0,1961.0,1,368,0,319,0,0,0,0,0,1,2006,2
64,259,60,80.0,12435,7,5,2001,2001,172.0,361,0,602,963,963,829,0,1792,0,0,2,1,3,1,7,1,2001.0,2,564,0,96,0,245,0,0,0,5,2008,3
65,268,75,60.0,8400,5,8,1939,1997,0.0,378,0,342,720,1052,720,420,2192,0,0,2,1,4,1,8,1,1939.0,1,240,262,24,0,0,0,0,0,7,2008,2
66,262,60,69.0,9588,8,5,2007,2007,270.0,0,0,1482,1482,1482,1092,0,2574,0,0,2,1,3,1,10,1,2007.0,3,868,0,148,0,0,0,0,0,11,2007,3
67,143,50,71.0,8520,5,4,1952,1952,0.0,507,0,403,910,910,475,0,1385,0,0,2,0,4,1,6,0,2000.0,2,720,0,0,0,0,0,0,0,6,2010,2
68,179,20,63.0,17423,9,5,2008,2009,748.0,1904,0,312,2216,2234,0,0,2234,1,0,2,0,1,1,9,1,2009.0,3,1166,0,60,0,0,0,0,0,7,2009,6
69,28,20,98.0,11478,8,5,2007,2008,200.0,1218,0,486,1704,1704,0,0,1704,1,0,2,0,3,1,7,1,2008.0,3,772,0,50,0,0,0,0,0,5,2010,4
70,407,50,51.0,10480,6,5,1936,1950,0.0,0,0,1064,1064,1166,0,473,1639,0,0,1,0,3,1,6,0,1936.0,1,240,0,0,0,0,0,0,0,3,2008,2
71,1277,60,69.75590551181102,12936,6,6,1972,1972,0.0,593,0,130,723,735,660,0,1395,0,1,1,1,3,1,6,1,1972.0,2,497,294,116,0,0,0,0,0,12,2009,2
72,481,20,98.0,16033,9,5,2004,2005,378.0,1261,0,572,1833,1850,0,0,1850,1,0,2,0,3,1,8,1,2004.0,3,772,519,112,0,0,0,0,0,3,2006,4
73,736,75,60.0,10800,7,7,1914,1970,0.0,390,0,490,880,880,888,0,1768,0,0,1,1,2,1,6,2,1914.0,2,320,0,341,0,0,0,0,0,10,2006,2
74,816,20,48.0,12137,7,5,1998,1998,442.0,0,0,1649,1649,1661,0,0,1661,0,0,2,0,3,1,6,0,1998.0,2,598,0,34,0,0,0,0,0,5,2010,3
75,1334,50,60.0,7200,5,6,1938,1995,0.0,0,0,803,803,803,557,0,1360,0,0,1,1,2,1,6,0,1951.0,1,297,0,65,190,0,0,0,0,7,2006,2
76,957,160,24.0,1300,6,6,1980,1980,0.0,285,0,276,561,561,668,0,1229,0,0,1,1,2,1,5,1,1980.0,2,462,150,0,0,0,0,0,0,5,2009,2
77,854,80,69.75590551181102,12095,6,6,1964,1964,115.0,564,0,563,1127,1445,0,0,1445,0,0,1,1,3,1,7,1,1964.0,2,645,180,0,0,0,0,0,0,8,2009,2
78,245,60,69.75590551181102,8880,7,5,1994,2002,0.0,695,0,253,948,1222,888,0,2110,1,0,2,1,3,1,8,2,1994.0,2,463,0,130,0,0,0,0,0,5,2010,3
79,199,75,92.0,5520,6,6,1912,1950,0.0,0,0,755,755,929,929,371,2229,0,0,1,0,5,1,8,0,1979.0469314079423,0,0,0,198,30,0,0,0,0,7,2009,2
80,898,90,64.0,7018,5,5,1979,1979,0.0,0,0,0,0,1120,1120,0,2240,0,0,2,0,6,2,12,0,1979.0,2,528,154,0,0,0,0,0,0,6,2009,2
81,766,20,75.0,14587,9,5,2008,2008,284.0,0,0,1498,1498,1506,0,0,1506,0,0,2,0,2,1,6,1,2008.0,2,592,0,174,0,0,0,0,0,8,2008,3
82,574,80,76.0,9967,7,5,2000,2000,0.0,0,0,384,384,774,656,0,1430,0,0,2,1,3,1,8,1,2000.0,2,400,100,0,0,0,0,0,0,12,2007,2
83,694,30,60.0,5400,5,6,1921,1968,0.0,0,0,1073,1073,1073,0,0,1073,0,0,1,0,2,1,4,0,1968.0,1,326,0,0,112,0,0,0,0,12,2006,2
84,137,20,69.75590551181102,10355,5,5,1967,1967,196.0,695,0,519,1214,1214,0,0,1214,0,0,2,0,3,1,5,1,1967.0,1,318,0,111,0,0,0,0,0,7,2007,2
85,66,60,76.0,9591,8,5,2004,2005,344.0,0,0,1143,1143,1143,1330,0,2473,0,0,2,1,4,1,9,1,2004.0,3,852,192,151,0,0,0,0,0,10,2007,4
86,1297,20,80.0,8700,5,6,1963,1963,148.0,776,0,344,1120,1128,0,0,1128,1,0,2,0,3,1,6,0,1963.0,2,525,192,20,123,0,0,0,0,12,2008,2
87,219,50,69.75590551181102,15660,7,9,1939,2006,312.0,341,0,457,798,1137,817,0,1954,0,1,1,1,3,1,8,2,1939.0,2,431,0,119,150,0,0,0,0,5,2008,4
88,194,160,24.0,2522,7,5,2004,2004,50.0,0,0,970,970,970,739,0,1709,0,0,2,0,3,1,7,0,2004.0,2,380,0,40,0,0,0,0,0,5,2006,2
89,132,60,69.75590551181102,12224,6,5,2000,2000,40.0,695,0,297,992,1022,1032,0,2054,1,0,2,1,3,1,7,1,2000.0,2,390,24,48,0,0,0,0,0,7,2009,3
90,701,20,85.0,14331,8,5,2002,2002,630.0,1274,0,526,1800,1800,0,0,1800,1,0,2,0,3,1,7,1,2002.0,3,765,270,78,0,0,0,0,0,5,2006,4
91,128,45,55.0,4388,5,7,1930,1950,0.0,116,0,556,672,840,0,0,840,0,0,1,0,3,1,5,1,1979.0469314079423,0,0,0,0,0,0,0,0,0,6,2007,1
92,108,20,50.0,6000,5,5,1948,1950,0.0,104,169,516,789,789,0,0,789,0,0,1,0,2,1,5,0,1948.0,1,250,0,0,0,0,0,0,0,4,2008,2
93,959,20,65.0,8450,7,5,2003,2003,0.0,699,0,638,1337,1337,0,0,1337,1,0,2,0,3,1,6,0,2003.0,2,531,0,39,0,0,0,0,0,10,2007,2
94,1091,90,60.0,8544,3,4,1950,1950,0.0,0,0,0,0,1040,0,0,1040,0,0,2,0,2,2,6,0,1987.0,2,400,0,0,0,0,0,0,0,6,2009,1
95,1177,20,37.0,6951,5,5,1984,1985,0.0,658,0,218,876,923,0,0,923,1,0,1,0,3,1,5,0,1984.0,1,264,362,0,0,0,0,0,0,10,2008,2
96,477,20,75.0,13125,6,5,1997,1998,215.0,994,0,484,1478,1493,0,0,1493,1,0,2,0,3,1,7,1,1997.0,2,508,140,39,0,0,0,0,0,4,2008,3
97,1077,50,60.0,10800,5,8,1936,1989,0.0,626,0,170,796,1096,370,0,1466,0,1,2,0,3,1,7,1,1950.0,2,566,436,21,0,0,0,0,500,4,2006,2
98,264,50,50.0,5500,5,7,1929,2001,0.0,234,692,0,926,926,0,390,1316,1,0,1,0,3,1,6,0,1974.0,2,484,0,0,0,0,0,0,0,4,2010,2
99,536,190,70.0,7000,5,7,1910,1991,0.0,969,0,148,1117,820,527,0,1347,1,0,1,0,3,1,5,0,1979.0469314079423,0,0,85,0,148,0,0,0,0,1,2008,2
100,697,30,50.0,6000,5,7,1921,1950,0.0,616,0,0,616,616,0,0,616,0,0,1,0,2,1,4,0,1921.0,1,205,0,0,129,0,0,0,0,6,2006,1
101,1033,60,69.75590551181102,14541,8,7,1993,1993,0.0,1012,0,326,1338,1352,1168,0,2520,1,0,2,1,5,1,10,1,1993.0,3,796,209,55,0,0,0,0,0,11,2006,4
102,936,30,52.0,5825,4,5,1926,1953,108.0,0,0,600,600,747,0,0,747,0,0,1,0,1,1,5,0,1953.0,2,528,0,0,32,0,0,0,0,6,2006,1
103,813,20,66.0,8712,5,5,1952,1952,0.0,0,0,540,540,1044,0,0,1044,0,0,1,0,2,1,4,0,1952.0,2,504,0,0,0,0,0,0,54,6,2010,1
104,35,120,60.0,7313,9,5,2005,2005,246.0,1153,0,408,1561,1561,0,0,1561,1,0,2,0,2,1,6,1,2005.0,2,556,203,47,0,0,0,0,0,8,2007,3
105,770,60,47.0,53504,8,5,2003,2003,603.0,1416,0,234,1650,1690,1589,0,3279,1,0,3,1,4,1,12,1,2003.0,3,841,503,36,0,0,210,0,0,6,2010,6
106,706,190,70.0,5600,4,5,1930,1950,0.0,0,0,0,0,372,720,0,1092,0,0,2,0,3,2,7,0,1979.0469314079423,0,0,0,0,0,0,0,0,3500,7,2010,1
107,141,20,70.0,10500,4,5,1971,1971,0.0,432,0,432,864,864,0,0,864,0,0,1,0,3,1,5,1,1979.0469314079423,0,0,0,0,0,0,0,0,0,4,2010,2
108,775,20,110.0,14226,8,5,2006,2006,375.0,0,0,1935,1935,1973,0,0,1973,0,0,2,0,3,1,9,1,2006.0,3,895,315,45,0,0,0,0,0,7,2007,4
109,1285,50,50.0,9638,6,7,1919,1990,0.0,0,0,804,804,1699,748,0,2447,0,0,2,0,4,1,10,1,1969.0,1,336,272,0,42,0,116,0,0,3,2010,2
110,1258,30,56.0,4060,5,8,1922,1950,0.0,0,0,864,864,864,0,0,864,0,0,1,0,2,1,4,0,1979.0469314079423,0,0,0,96,0,0,0,0,0,7,2009,1
111,445,60,70.0,8750,7,5,1994,1995,0.0,642,0,273,915,933,975,0,1908,1,0,2,1,4,1,8,1,1994.0,2,493,144,133,0,0,0,0,0,7,2008,3
112,131,60,88.0,14200,7,6,1966,1966,309.0,445,0,479,924,1216,941,0,2157,0,0,2,1,4,1,8,2,1966.0,2,487,105,66,0,0,0,0,0,5,2006,3
113,420,20,65.0,8450,5,6,1968,1968,0.0,775,0,281,1056,1056,0,0,1056,1,0,1,0,3,1,6,1,1968.0,1,304,0,85,184,0,0,0,0,7,2010,2
114,670,30,80.0,11600,4,5,1922,1950,0.0,0,0,700,700,1180,0,0,1180,0,0,1,0,2,1,5,1,1922.0,1,252,0,0,67,0,0,0,0,7,2006,2
115,462,70,60.0,7200,7,9,1936,2007,0.0,350,210,0,560,575,560,0,1135,1,0,1,0,3,1,6,0,1971.0,2,576,256,0,0,0,0,0,0,4,2009,2
116,1198,75,65.0,8850,7,6,1916,1950,0.0,0,0,815,815,815,875,0,1690,0,0,1,0,3,1,7,1,1916.0,1,225,0,0,330,0,0,0,0,7,2006,2
117,520,70,53.0,10918,7,9,1926,2004,0.0,0,0,1276,1276,1276,804,0,2080,0,0,1,1,3,1,9,2,1926.0,1,282,0,0,0,0,145,0,0,6,2009,3
118,339,20,91.0,14145,7,7,1984,1998,0.0,213,0,995,1208,1621,0,0,1621,1,0,2,0,3,1,8,0,1984.0,2,440,108,45,0,0,0,0,400,5,2006,3
119,437,50,40.0,4400,6,8,1920,1950,0.0,0,0,648,648,734,384,0,1118,0,0,1,0,2,1,6,0,1990.0,2,440,0,0,0,0,0,0,0,10,2006,2
120,734,20,80.0,10000,5,6,1961,1983,0.0,594,0,270,864,1144,0,0,1144,1,0,1,0,3,1,6,1,1961.0,1,264,165,0,0,0,0,0,400,3,2009,2
121,198,75,174.0,25419,8,4,1918,1990,0.0,1036,184,140,1360,1360,1360,392,3112,1,1,2,0,4,1,8,1,1918.0,2,795,0,16,552,0,0,512,0,3,2006,3
122,1143,60,77.0,9965,8,5,2006,2007,340.0,1150,0,316,1466,1466,1362,0,2828,1,0,3,0,4,1,11,1,2006.0,3,1052,125,144,0,0,0,0,0,4,2007,5
123,1076,70,75.0,13125,7,6,1940,1984,0.0,410,0,390,800,960,780,0,1740,0,0,1,1,3,1,6,2,1940.0,1,240,0,0,0,0,0,0,0,7,2007,3
124,653,60,70.0,8750,7,5,1996,1996,0.0,0,0,880,880,909,807,0,1716,0,0,2,1,2,1,7,1,1996.0,2,512,0,120,0,0,0,0,0,7,2009,2
125,243,50,63.0,5000,5,4,1900,1950,0.0,0,0,540,540,889,551,0,1440,0,0,1,0,3,1,6,0,1940.0,1,352,0,0,77,0,0,0,0,4,2006,1
126,643,80,75.0,13860,8,7,1972,1995,0.0,1410,0,542,1952,2000,704,0,2704,1,0,2,1,4,1,9,3,1972.0,2,538,269,111,0,0,0,0,0,7,2009,4
127,488,20,70.0,12243,5,6,1971,1971,0.0,998,0,486,1484,1484,0,0,1484,0,0,2,0,3,1,7,1,1971.0,2,487,224,0,0,0,180,0,0,2,2007,2
128,1330,60,63.0,9084,7,5,1998,1998,0.0,0,0,935,935,955,677,0,1632,0,0,2,1,3,1,8,1,1998.0,2,462,0,28,0,0,0,0,0,6,2006,2
129,435,180,21.0,1890,4,7,1972,1972,0.0,495,0,135,630,630,0,0,630,1,0,1,0,1,1,3,0,1979.0469314079423,0,0,88,0,0,0,0,0,0,6,2008,1
130,403,30,60.0,10200,5,8,1940,1997,0.0,0,0,672,672,672,0,0,672,0,0,1,0,2,1,4,0,1940.0,1,240,168,0,0,0,0,0,0,8,2008,2
131,258,20,68.0,8814,7,5,2006,2006,180.0,1334,0,270,1604,1604,0,0,1604,1,0,2,1,3,1,8,1,2006.0,2,660,123,110,0,0,0,0,0,3,2009,3
132,940,70,69.75590551181102,24090,7,7,1940,1950,0.0,0,0,1032,1032,1207,1196,0,2403,0,0,2,0,4,1,10,2,1940.0,1,349,56,0,318,0,0,0,0,6,2010,3
133,786,20,69.75590551181102,9790,6,5,1967,1967,0.0,251,630,491,1372,1342,0,0,1342,0,0,2,0,3,1,7,1,1967.0,2,457,0,0,0,0,197,0,0,9,2009,2
134,1028,20,71.0,9520,8,5,2007,2008,338.0,1513,0,125,1638,1646,0,0,1646,1,0,2,0,3,1,7,1,2008.0,3,800,192,44,0,0,0,0,0,4,2008,3
135,989,60,69.75590551181102,12046,6,6,1976,1976,298.0,156,0,692,848,1118,912,0,2030,0,0,2,1,4,1,8,1,1976.0,2,551,0,224,0,0,0,0,0,6,2007,2
136,874,40,60.0,12144,5,7,1949,1950,0.0,375,0,457,832,1036,0,232,1268,0,0,1,0,3,1,6,1,1949.0,1,288,0,28,0,0,0,0,0,9,2009,2
137,1221,20,66.0,7800,5,5,1964,1964,0.0,312,600,0,912,912,0,0,912,0,0,1,0,2,1,5,0,1964.0,1,288,0,0,0,0,0,0,0,11,2006,2
138,11,20,70.0,11200,5,5,1965,1965,0.0,906,0,134,1040,1040,0,0,1040,1,0,1,0,3,1,5,0,1965.0,1,384,0,0,0,0,0,0,0,2,2008,2
139,1113,20,73.0,7100,5,7,1957,1957,0.0,708,0,108,816,816,0,0,816,1,0,1,0,2,1,5,0,1957.0,1,308,0,0,0,0,0,0,0,7,2006,2
140,163,20,95.0,12182,7,5,2005,2005,226.0,1201,0,340,1541,1541,0,0,1541,0,0,2,0,3,1,7,1,2005.0,2,532,0,70,0,0,0,0,0,5,2010,3
141,761,20,70.0,9100,6,6,1959,1959,0.0,612,0,252,864,864,0,0,864,0,0,1,0,2,1,5,0,2008.0,1,300,0,0,0,0,0,0,450,10,2009,2
142,1219,50,52.0,6240,4,5,1947,1950,0.0,0,0,0,0,672,240,0,912,0,0,1,0,2,1,3,0,1979.0469314079423,0,0,0,0,0,0,0,0,0,7,2006,1
143,741,70,60.0,9600,5,7,1910,2002,0.0,0,0,264,264,768,664,0,1432,0,0,2,0,2,1,7,0,1910.0,2,360,270,0,112,0,0,0,0,5,2007,2
144,1388,50,60.0,8520,6,7,1916,1950,0.0,168,546,0,714,1664,862,0,2526,0,0,2,0,5,1,10,1,1916.0,1,216,88,15,0,0,0,0,0,8,2007,2
145,238,60,69.75590551181102,9453,7,7,1993,2003,0.0,402,0,594,996,1014,730,0,1744,0,0,2,1,3,1,7,0,1993.0,2,457,370,70,0,238,0,0,0,2,2010,2
146,744,80,70.0,12886,5,6,1963,1999,0.0,444,0,76,520,1464,0,0,1464,0,1,2,0,3,1,6,1,1997.0,2,480,302,0,0,0,100,0,0,10,2009,2
147,185,50,92.0,7438,5,8,1908,1991,0.0,0,0,504,504,936,316,0,1252,0,0,1,0,3,1,5,0,1986.0,2,576,104,0,0,0,0,0,0,6,2006,2
148,3,60,68.0,11250,7,5,2001,2002,162.0,486,0,434,920,920,866,0,1786,1,0,2,1,3,1,6,1,2001.0,2,608,0,42,0,0,0,0,0,9,2008,3
149,1010,50,60.0,6000,5,5,1926,1950,0.0,0,0,1008,1008,1008,0,514,1522,0,0,2,0,4,1,7,0,1979.0469314079423,0,0,0,0,138,0,0,0,0,6,2006,2
150,423,20,100.0,21750,5,5,1954,1954,0.0,0,0,988,988,988,0,0,988,0,0,1,0,2,1,4,0,1954.0,2,520,0,0,0,0,0,0,0,2,2008,2
151,668,20,65.0,8125,6,5,1994,1998,258.0,1138,0,270,1408,1679,0,0,1679,1,0,2,0,3,1,7,1,1994.0,2,575,224,42,0,0,0,0,0,10,2008,2
152,228,160,21.0,1869,6,6,1970,1970,127.0,321,0,162,483,483,504,0,987,0,0,1,1,2,1,5,0,1987.0,1,280,0,0,0,0,0,0,0,9,2008,2
153,1290,60,86.0,11065,8,5,2006,2006,788.0,0,0,1085,1085,1120,850,0,1970,0,0,2,1,3,1,8,1,2006.0,3,753,177,74,0,0,0,0,0,10,2006,3
154,1250,20,60.0,7200,5,7,1950,1950,0.0,534,96,246,876,988,0,0,988,0,0,1,0,3,1,6,0,1950.0,1,276,0,80,0,0,0,0,0,5,2007,2
155,1414,20,88.0,10994,8,5,2005,2006,366.0,976,0,868,1844,1844,0,0,1844,1,0,2,0,2,1,7,1,2005.0,2,620,165,44,0,0,0,0,0,9,2009,3
156,1114,20,66.0,8923,5,7,1953,2006,0.0,643,0,365,1008,1008,0,0,1008,1,0,1,0,2,1,6,0,1953.0,1,240,0,18,0,0,0,0,0,5,2007,2
157,658,70,60.0,7200,7,6,1931,2000,0.0,0,0,776,776,851,651,0,1502,0,0,1,1,3,1,6,1,1931.0,1,270,0,0,112,0,0,0,0,2,2008,2
158,32,20,69.75590551181102,8544,5,6,1966,2006,0.0,0,0,1228,1228,1228,0,0,1228,0,0,1,1,3,1,6,0,1966.0,1,271,0,65,0,0,0,0,0,6,2008,2
159,995,20,96.0,12456,10,5,2006,2007,230.0,1172,0,528,1700,1718,0,0,1718,1,0,2,0,3,1,7,1,2008.0,3,786,216,48,0,0,0,0,0,7,2009,4
160,335,60,59.0,9042,6,5,1998,1998,0.0,828,0,115,943,943,695,0,1638,1,0,2,1,3,1,7,2,1998.0,2,472,100,38,0,0,0,0,0,7,2008,2
161,986,190,68.0,10880,5,5,1950,1950,0.0,1040,0,124,1164,1164,0,0,1164,1,0,1,0,3,1,5,0,1950.0,1,240,0,48,0,0,0,0,0,8,2008,2
162,277,20,129.0,9196,7,5,2003,2003,0.0,0,0,1560,1560,1560,0,0,1560,0,0,2,0,3,1,7,0,2003.0,2,573,100,150,0,0,0,0,0,4,2010,3
163,1384,30,69.75590551181102,25339,5,7,1918,2007,0.0,0,0,816,816,1416,0,0,1416,0,0,2,0,3,1,7,0,2007.0,2,576,0,0,112,0,0,0,0,8,2007,2
164,953,85,60.0,7200,5,8,1972,2003,0.0,660,0,108,768,768,0,0,768,0,1,1,0,2,1,5,0,1974.0,1,396,192,0,0,0,0,0,0,4,2009,2
165,852,120,69.75590551181102,3196,8,5,2003,2003,40.0,0,0,1273,1273,1456,0,0,1456,0,0,2,0,2,1,7,1,2003.0,2,400,143,20,0,0,0,0,0,5,2006,3
166,275,20,76.0,8314,5,7,1982,1982,0.0,546,0,270,816,816,0,0,816,0,0,1,0,2,1,5,0,1982.0,1,264,168,0,0,0,0,0,0,6,2007,2
167,1002,30,60.0,5400,5,6,1920,1950,0.0,0,0,691,691,691,0,0,691,0,0,1,0,2,1,4,0,1920.0,1,216,0,20,94,0,0,0,0,1,2007,1
168,1020,120,43.0,3013,7,5,2005,2005,145.0,16,0,1346,1362,1506,0,0,1506,0,0,2,0,2,1,6,1,2005.0,2,440,142,20,0,0,0,0,0,4,2006,3
169,183,20,60.0,9060,5,6,1957,2006,98.0,0,0,0,0,1340,0,0,1340,0,0,1,0,3,1,7,1,1957.0,1,252,116,0,0,180,0,0,0,6,2007,2
170,64,70,50.0,10300,7,6,1921,1950,0.0,0,0,576,576,902,808,0,1710,0,0,2,0,3,1,9,0,1990.0,2,480,12,11,64,0,0,0,0,4,2010,2
171,478,60,105.0,13693,9,5,2006,2006,772.0,0,0,2153,2153,2069,574,0,2643,0,0,2,1,3,1,9,1,2006.0,3,694,414,84,0,0,0,0,0,3,2007,4
172,791,120,43.0,3182,7,5,2005,2006,11.0,16,0,1129,1145,1145,0,0,1145,0,0,2,0,2,1,5,1,2005.0,2,397,100,16,0,0,0,0,0,9,2009,2
173,189,90,64.0,7018,5,5,1979,1979,275.0,1086,0,0,1086,1224,0,0,1224,2,0,0,2,2,2,6,2,1979.0,2,528,120,0,0,0,0,0,0,6,2009,2
174,356,20,105.0,11249,6,5,1995,1995,0.0,334,544,322,1200,1200,0,0,1200,1,0,2,0,3,1,6,0,1995.0,2,521,0,26,0,0,0,0,0,8,2007,2
175,1136,30,60.0,6180,6,5,1926,1950,0.0,0,0,960,960,986,0,0,986,0,0,1,0,2,1,5,1,1926.0,1,180,0,128,0,0,0,0,0,5,2007,2
176,393,20,69.75590551181102,8339,5,7,1959,1959,0.0,0,0,0,0,882,0,0,882,0,0,1,0,3,1,5,0,1959.0,1,294,0,0,0,0,0,0,1200,7,2007,2
177,349,160,36.0,2448,7,5,2003,2004,106.0,573,0,191,764,764,862,0,1626,1,0,2,1,2,1,6,0,2003.0,2,474,0,27,0,0,0,0,0,10,2008,2
178,1182,120,64.0,5587,8,5,2008,2008,186.0,1480,0,120,1600,1652,0,0,1652,1,1,2,0,2,1,5,1,2008.0,2,482,162,53,0,153,0,0,0,11,2008,4
179,80,50,60.0,10440,5,6,1910,1981,0.0,0,0,440,440,682,548,0,1230,0,0,1,1,2,1,5,0,1966.0,2,440,74,0,128,0,0,0,0,5,2009,2
180,366,70,59.0,10690,5,7,1920,1997,0.0,456,0,216,672,672,672,0,1344,0,0,1,0,3,1,6,0,1964.0,1,468,0,128,218,0,0,0,0,7,2009,2
181,325,80,96.0,11275,7,7,1967,2007,300.0,0,0,710,710,1898,1080,0,2978,0,0,2,1,5,1,11,1,1961.0,2,564,240,0,0,0,0,0,0,6,2010,3
182,92,20,85.0,8500,5,3,1961,1961,203.0,600,0,635,1235,1235,0,0,1235,0,0,1,0,2,1,6,0,1961.0,2,480,0,0,0,0,0,0,0,12,2006,1
183,256,60,66.0,8738,7,5,1999,1999,302.0,0,0,975,975,1005,1286,0,2291,0,0,2,1,4,1,8,1,1999.0,2,429,192,0,0,0,0,0,0,2,2006,3
184,1338,30,153.0,4118,4,4,1941,1950,0.0,0,0,693,693,693,0,0,693,0,0,1,0,2,1,4,0,1979.0469314079423,0,0,0,20,0,0,0,0,0,3,2006,1
185,161,20,69.75590551181102,11120,6,6,1984,1984,0.0,660,0,572,1232,1232,0,0,1232,0,0,2,0,3,1,6,0,1984.0,2,516,0,0,0,0,0,0,0,6,2008,2
186,1452,20,78.0,9262,8,5,2008,2009,194.0,0,0,1573,1573,1578,0,0,1578,0,0,2,0,3,1,7,1,2008.0,3,840,0,36,0,0,0,0,0,5,2009,3
187,85,80,69.75590551181102,8530,7,5,1995,1996,22.0,0,0,384,384,804,670,0,1474,0,0,2,1,3,1,7,1,1995.0,2,400,120,72,0,0,0,0,700,5,2009,2
188,1407,85,70.0,8445,5,7,1972,2007,0.0,656,0,112,768,768,0,0,768,1,0,1,0,2,1,5,0,1988.0,2,396,58,0,0,0,0,0,0,3,2009,2
189,619,20,90.0,11694,9,5,2007,2007,452.0,48,0,1774,1822,1828,0,0,1828,0,0,2,0,3,1,9,1,2007.0,3,774,0,108,0,0,260,0,0,7,2007,4
190,1051,20,73.0,8993,7,5,2007,2007,0.0,0,0,1302,1302,1302,0,0,1302,0,0,2,0,3,1,6,0,2007.0,2,436,0,22,0,0,0,0,0,8,2007,2
191,615,180,21.0,1491,4,6,1972,1972,0.0,150,480,0,630,630,0,0,630,1,0,1,0,1,1,3,0,1979.0469314079423,0,0,96,24,0,0,0,0,0,5,2010,1
192,910,60,149.0,12589,6,5,2005,2005,0.0,0,0,742,742,742,742,0,1484,0,0,2,1,3,1,8,1,2005.0,2,390,36,24,0,0,0,0,0,6,2009,2
193,888,50,59.0,16466,5,7,1955,1955,0.0,0,0,816,816,872,521,0,1393,0,0,1,1,3,1,8,0,1955.0,1,300,121,0,0,0,265,0,0,4,2008,2
194,593,20,60.0,6600,5,8,1982,2003,0.0,816,0,0,816,816,0,0,816,1,0,1,0,2,1,4,0,1985.0,2,816,0,0,0,0,0,0,0,6,2008,2
195,876,60,75.0,9000,8,5,2007,2007,0.0,64,0,1120,1184,1184,1426,0,2610,0,0,2,1,4,1,11,1,2007.0,2,550,208,364,0,0,0,0,0,8,2007,4
196,1406,120,44.0,3842,8,5,2004,2005,174.0,1373,0,221,1594,1646,0,0,1646,1,1,2,0,2,1,5,1,2004.0,2,482,128,53,0,0,155,0,0,1,2008,3
197,1213,30,50.0,9340,4,6,1941,1950,0.0,344,0,328,672,672,0,0,672,1,0,1,0,2,1,4,0,1941.0,1,234,0,113,0,0,0,0,0,8,2009,2
198,1185,20,50.0,35133,5,4,1963,1963,226.0,1159,0,413,1572,1572,0,0,1572,1,0,1,1,3,1,5,2,1963.0,3,995,0,263,0,0,263,0,0,5,2007,2
199,861,50,55.0,7642,7,8,1918,1998,0.0,0,0,912,912,912,514,0,1426,0,0,1,1,3,1,7,1,1925.0,1,216,0,240,0,0,0,0,0,6,2007,2
200,430,20,130.0,11457,6,5,1988,1988,0.0,1005,0,387,1392,1412,0,0,1412,1,0,2,0,3,1,6,1,1988.0,2,576,0,0,169,0,0,0,0,3,2009,2
201,1152,20,134.0,17755,5,4,1959,1959,132.0,176,0,1290,1466,1466,0,0,1466,0,0,1,1,3,1,6,2,1959.0,2,528,0,140,0,0,100,0,0,11,2006,2
202,1457,20,85.0,13175,6,6,1978,1988,119.0,790,163,589,1542,2073,0,0,2073,1,0,2,0,3,1,7,2,1978.0,2,500,349,0,0,0,0,0,0,2,2010,3
203,1233,90,70.0,9842,4,5,1962,1962,0.0,0,0,0,0,1224,0,0,1224,0,0,2,0,2,2,6,0,1962.0,2,462,0,0,0,0,0,0,0,3,2007,2
204,69,30,47.0,4608,4,6,1945,1950,0.0,0,0,747,747,747,0,0,747,0,0,1,0,2,1,4,0,1945.0,1,220,0,0,0,0,0,0,0,6,2010,1
205,1353,50,50.0,6000,6,9,1937,2000,0.0,0,0,698,698,786,390,0,1176,0,0,1,0,2,1,4,0,1999.0,2,624,210,0,0,0,0,0,0,7,2009,2
206,1092,160,24.0,2160,7,5,1999,2000,212.0,510,0,90,600,624,628,0,1252,1,0,2,1,2,1,4,0,1999.0,2,462,0,48,0,0,0,0,0,3,2008,2
207,948,20,85.0,14536,8,5,2002,2003,236.0,1300,0,316,1616,1629,0,0,1629,1,0,2,0,3,1,9,1,2002.0,3,808,0,252,0,0,0,0,0,11,2007,3
208,1158,120,34.0,5001,7,5,2007,2008,166.0,904,0,410,1314,1314,0,0,1314,1,0,2,0,2,1,6,1,2008.0,2,626,172,62,0,0,0,0,0,7,2009,3
209,34,20,70.0,10552,5,5,1959,1959,0.0,1018,0,380,1398,1700,0,0,1700,0,1,1,1,4,1,6,1,1959.0,2,447,0,38,0,0,0,0,0,4,2010,2
210,576,50,80.0,8480,5,5,1947,1950,0.0,442,0,390,832,832,384,0,1216,0,0,1,0,2,1,6,0,1947.0,1,336,158,0,102,0,0,0,0,10,2008,2
211,893,20,70.0,8414,6,8,1963,2003,0.0,663,0,396,1059,1068,0,0,1068,0,1,1,0,3,1,6,0,1963.0,1,264,192,0,0,0,0,0,0,2,2006,2
212,526,20,62.0,7500,7,5,2005,2005,0.0,0,0,1257,1257,1266,0,0,1266,0,0,2,0,3,1,6,1,2005.0,2,453,38,144,0,0,0,0,0,4,2006,2
213,1348,20,93.0,15306,8,5,2006,2007,100.0,80,0,1652,1732,1776,0,0,1776,1,0,2,0,3,1,7,1,2006.0,3,712,0,0,0,0,0,0,0,5,2007,3
214,306,20,80.0,10386,8,5,2004,2005,246.0,1464,0,536,2000,2000,0,0,2000,1,0,2,0,3,1,8,0,2004.0,3,888,168,0,0,0,0,0,0,7,2007,4
215,433,160,24.0,1920,5,5,1971,1971,376.0,471,0,294,765,765,600,0,1365,1,0,1,1,2,1,6,0,1971.0,2,440,240,36,0,0,0,0,0,8,2007,2
216,1375,60,85.0,10625,7,5,2005,2005,0.0,0,0,1026,1026,1026,932,0,1958,0,0,2,1,3,1,9,1,2005.0,3,936,154,210,0,0,0,0,0,7,2008,3
217,521,190,60.0,10800,4,7,1900,2000,0.0,0,0,0,0,694,600,0,1294,0,0,2,0,3,2,7,0,1979.0469314079423,0,0,220,114,210,0,0,0,0,8,2008,2
218,1360,20,129.0,16737,9,5,2004,2005,66.0,1447,0,533,1980,1980,0,0,1980,1,0,2,0,3,1,8,1,2004.0,3,770,194,45,0,0,0,0,0,9,2006,4
219,545,60,58.0,17104,7,5,2006,2006,0.0,554,0,100,654,664,832,0,1496,1,0,2,1,3,1,7,1,2006.0,2,426,100,24,0,0,0,0,0,9,2006,2
220,70,50,81.0,15593,7,4,1953,1953,0.0,603,0,701,1304,1304,983,0,2287,0,0,2,0,3,1,7,1,1953.0,2,667,0,21,114,0,0,0,0,7,2006,3
221,1248,80,69.75590551181102,12328,6,5,1976,1976,335.0,539,0,473,1012,1034,0,0,1034,1,0,1,0,3,1,6,0,1976.0,3,888,0,0,0,0,0,0,0,5,2010,2
222,1262,20,80.0,9600,5,6,1956,1956,0.0,504,0,546,1050,1050,0,0,1050,0,0,1,0,2,1,5,0,1956.0,1,338,0,0,0,0,0,0,0,6,2009,2
223,1157,80,85.0,9350,5,8,1965,1999,0.0,633,0,586,1219,1265,0,0,1265,0,1,2,0,3,1,6,1,1965.0,2,502,0,92,0,96,0,0,0,10,2008,2
224,964,20,122.0,11923,9,5,2007,2007,0.0,0,0,1800,1800,1800,0,0,1800,0,0,2,0,2,1,7,0,2007.0,2,702,288,136,0,0,0,0,0,5,2009,3
225,579,160,34.0,3604,7,5,2007,2007,0.0,0,0,689,689,703,689,0,1392,0,0,2,0,2,1,5,0,2007.0,2,540,0,102,0,0,0,0,0,2,2008,2
226,412,190,100.0,34650,5,5,1955,1955,0.0,1056,0,0,1056,1056,0,0,1056,1,0,1,0,3,1,5,0,1955.0,2,572,264,0,0,0,0,0,0,1,2006,2
227,544,120,34.0,4058,7,5,1998,1998,182.0,584,139,0,723,767,0,0,767,1,0,1,0,1,1,4,0,1998.0,1,367,120,40,0,0,0,0,0,6,2007,2
228,1023,50,52.0,9439,5,5,1930,1950,0.0,324,0,588,912,912,336,0,1248,0,0,1,0,2,1,6,0,1957.0,1,160,0,0,192,0,0,0,0,3,2007,1
229,1164,90,60.0,12900,4,4,1969,1969,0.0,1198,0,0,1198,1258,0,0,1258,2,0,0,2,0,2,6,0,1969.0,2,400,120,0,0,0,0,0,0,1,2008,2
230,331,90,69.75590551181102,10624,5,4,1964,1964,84.0,40,264,1424,1728,1728,0,0,1728,0,1,2,0,6,2,10,0,2002.0,1,352,155,0,0,0,0,0,0,11,2007,2
231,61,20,63.0,13072,6,5,2004,2004,0.0,941,0,217,1158,1158,0,0,1158,1,0,1,1,3,1,5,0,2006.0,2,576,0,50,0,0,0,0,0,5,2006,2
232,677,70,60.0,9600,4,2,1900,1950,0.0,0,0,1095,1095,1095,679,0,1774,1,0,2,0,4,2,8,0,1920.0,3,779,0,0,90,0,0,0,0,5,2006,1
233,538,20,69.75590551181102,12735,4,5,1972,1972,0.0,600,0,264,864,864,0,0,864,0,0,1,0,3,1,5,0,1980.0,2,576,216,0,0,0,0,0,0,4,2008,2
234,806,20,91.0,12274,7,5,2008,2008,256.0,0,0,1417,1417,1428,0,0,1428,0,0,2,0,3,1,6,0,2008.0,2,554,0,60,0,0,0,0,0,7,2008,3
235,1280,50,60.0,7500,4,4,1920,1950,0.0,0,0,698,698,698,430,0,1128,0,0,1,0,2,1,6,0,1980.0,2,528,30,0,164,0,0,0,0,4,2010,1
236,603,60,80.0,10041,8,5,1992,1992,0.0,789,0,119,908,927,988,0,1915,1,0,2,1,3,1,8,1,1992.0,2,506,120,150,0,0,0,0,0,2,2006,3
237,26,20,110.0,14230,8,5,2007,2007,640.0,0,0,1566,1566,1600,0,0,1600,0,0,2,0,3,1,7,1,2007.0,3,890,0,56,0,0,0,0,0,7,2009,3
238,193,20,68.0,9017,7,5,1999,1999,0.0,560,0,871,1431,1431,0,0,1431,1,0,2,0,3,1,6,0,1999.0,2,666,0,35,0,0,0,0,0,9,2009,2
239,467,20,85.0,10628,7,5,1970,1970,0.0,778,0,499,1277,1277,0,0,1277,1,0,1,0,2,1,5,1,1970.0,2,526,0,0,0,0,176,0,0,4,2007,2
240,303,20,118.0,13704,7,5,2001,2002,150.0,0,0,1541,1541,1541,0,0,1541,0,0,2,0,3,1,6,1,2001.0,3,843,468,81,0,0,0,0,0,1,2006,3
241,255,20,70.0,8400,5,6,1957,1957,0.0,922,0,392,1314,1314,0,0,1314,1,0,1,0,3,1,5,0,1957.0,1,294,250,0,0,0,0,0,0,6,2010,2
242,440,50,67.0,12354,6,8,1920,2000,0.0,0,0,684,684,684,512,0,1196,0,0,1,0,3,1,7,0,2005.0,2,528,0,46,0,0,0,0,800,8,2009,2
243,425,20,72.0,9000,6,5,1956,1956,74.0,616,0,580,1196,1196,0,0,1196,1,0,1,0,2,1,6,1,1956.0,1,297,0,44,0,0,0,0,0,5,2008,2
244,408,70,63.0,15576,6,7,1915,1976,0.0,0,0,840,840,840,840,0,1680,0,0,2,0,4,1,8,0,1960.0,1,308,0,0,160,0,0,0,0,3,2008,2
245,729,90,85.0,11475,5,5,1958,1958,95.0,0,0,1584,1584,1776,0,0,1776,1,0,2,0,4,2,9,0,1968.0,3,888,0,25,0,0,0,0,0,7,2009,2
246,1303,60,92.0,10120,8,5,1994,1994,391.0,740,0,425,1165,1203,1323,0,2526,1,0,2,1,4,1,8,1,1994.0,3,844,309,78,0,0,0,0,0,12,2006,3
247,790,60,69.75590551181102,12205,6,8,1966,2007,157.0,568,0,264,832,976,1111,0,2087,0,0,2,1,5,1,9,0,1966.0,2,444,133,168,0,0,0,0,0,7,2007,2
248,743,20,65.0,8450,7,5,2000,2001,108.0,0,0,1349,1349,1349,0,0,1349,0,0,2,0,3,1,6,0,2000.0,2,539,120,55,0,0,0,0,0,12,2007,2
249,828,20,65.0,8529,7,5,2001,2001,0.0,20,0,1434,1454,1434,0,0,1434,0,0,2,0,3,1,6,1,2001.0,2,527,290,39,0,0,0,0,0,4,2009,2
250,487,20,79.0,10289,5,7,1965,1965,168.0,836,0,237,1073,1073,0,0,1073,1,0,1,1,3,1,6,0,1965.0,2,515,0,0,0,0,0,0,0,6,2007,2
251,588,85,74.0,8740,5,6,1982,1982,0.0,672,0,168,840,860,0,0,860,1,0,1,0,2,1,4,0,1996.0,2,528,0,0,0,0,0,0,0,7,2009,2
252,624,160,69.75590551181102,2117,6,5,2000,2000,513.0,420,0,336,756,756,756,0,1512,0,0,2,1,2,1,4,1,2000.0,2,440,0,32,0,0,0,0,0,6,2007,2
253,1098,120,69.75590551181102,3696,8,5,1986,1986,0.0,0,0,1074,1074,1088,0,0,1088,0,0,1,1,2,1,5,0,1987.0,2,461,0,74,137,0,0,0,0,10,2007,2
254,921,60,70.0,8462,6,5,1994,1994,105.0,814,0,114,928,936,785,0,1721,0,1,2,1,3,1,7,0,1994.0,2,471,300,87,0,0,0,0,0,7,2007,3
255,12,60,85.0,11924,9,5,2005,2006,286.0,998,0,177,1175,1182,1142,0,2324,1,0,3,0,4,1,11,2,2005.0,3,736,147,21,0,0,0,0,0,7,2006,4
256,1188,20,89.0,12461,8,5,1994,1995,0.0,1456,0,168,1624,1624,0,0,1624,1,0,2,0,2,1,5,1,1994.0,3,757,0,114,192,0,0,0,0,7,2006,3
257,498,50,60.0,9120,7,6,1925,1950,0.0,329,0,697,1026,1133,687,0,1820,1,0,2,0,4,1,8,0,1925.0,1,240,0,100,0,0,0,0,0,6,2008,2
258,911,90,80.0,11600,5,5,1960,1960,361.0,443,0,662,1105,1105,1169,0,2274,0,0,2,0,5,2,12,0,1960.0,2,480,0,0,0,0,0,0,0,1,2010,2
259,304,20,70.0,9800,5,7,1972,1972,0.0,894,0,0,894,894,0,0,894,1,0,1,0,3,1,5,0,1975.0,2,552,256,0,0,0,0,0,0,7,2006,2
260,1192,160,24.0,2645,8,5,1999,2000,456.0,0,0,776,776,764,677,0,1441,0,0,2,1,2,1,5,0,1999.0,2,492,206,0,0,0,0,0,0,11,2007,2
261,506,90,60.0,7596,5,5,1952,1952,360.0,0,0,960,960,960,1000,0,1960,0,0,2,0,4,2,10,0,1952.0,2,400,0,0,0,0,0,0,0,7,2009,2
262,493,60,105.0,15578,6,5,2006,2006,0.0,0,0,728,728,728,728,0,1456,0,0,2,1,3,1,8,0,2006.0,2,429,0,0,0,0,0,0,0,5,2006,2
263,784,85,69.75590551181102,9101,5,6,1978,1978,104.0,1097,0,0,1097,1110,0,0,1110,1,0,1,0,1,1,4,1,1978.0,2,602,303,30,0,0,0,0,0,7,2009,2
264,1447,20,69.75590551181102,26142,5,7,1962,1962,189.0,593,0,595,1188,1188,0,0,1188,0,0,1,0,3,1,6,0,1962.0,1,312,261,39,0,0,0,0,0,4,2010,2
265,291,60,120.0,15611,8,5,2006,2006,0.0,0,0,1079,1079,1079,840,0,1919,0,0,2,1,3,1,8,1,2006.0,2,685,0,51,0,0,0,0,0,7,2006,3
266,1071,20,72.0,10152,5,5,1956,1956,120.0,586,0,462,1048,1048,0,0,1048,1,0,1,0,3,1,6,0,1956.0,1,286,0,20,0,0,192,0,0,6,2007,2
267,815,50,45.0,8248,5,7,1918,1950,0.0,0,0,686,686,686,564,0,1250,0,1,1,1,3,1,7,0,1955.0,1,280,207,0,96,0,0,0,0,7,2006,2
268,769,20,70.0,9100,7,5,2004,2005,0.0,24,0,1836,1860,1836,0,0,1836,0,0,2,0,3,1,8,1,2004.0,2,484,120,33,0,0,0,0,0,10,2006,3
269,49,190,33.0,4456,4,5,1920,2008,0.0,0,0,736,736,736,716,0,1452,0,0,2,0,2,3,8,0,1979.0469314079423,0,0,0,0,102,0,0,0,0,6,2009,2
270,666,60,106.0,11194,8,5,2000,2000,40.0,0,0,1406,1406,1454,482,0,1936,0,0,2,1,3,1,7,1,2000.0,2,504,188,124,0,0,0,0,0,11,2006,3
271,1337,90,87.0,9246,5,5,1973,1973,564.0,0,0,1656,1656,1656,0,0,1656,0,0,2,0,4,2,8,0,1973.0,2,506,0,211,0,0,0,0,0,11,2008,2
272,772,20,67.0,8877,4,5,1951,1951,0.0,836,0,0,836,1220,0,0,1220,0,0,1,0,2,1,6,0,1951.0,2,396,0,0,0,0,0,0,0,4,2006,2
273,305,75,87.0,18386,7,9,1880,2002,0.0,0,0,1470,1470,1675,1818,0,3493,0,0,3,0,3,1,10,1,2003.0,3,870,302,0,0,0,0,0,0,5,2008,3
274,782,60,65.0,7153,6,5,1992,1992,0.0,387,0,374,761,810,793,0,1603,0,0,2,1,3,1,7,0,1992.0,2,484,0,124,0,0,0,0,0,7,2006,2
275,875,50,52.0,5720,5,6,1941,1950,0.0,0,0,676,676,676,455,0,1131,0,0,1,1,3,1,5,0,1941.0,1,200,26,0,0,0,0,0,0,8,2009,1
276,950,20,78.0,9360,6,7,1972,2006,0.0,982,0,179,1161,1381,0,0,1381,1,0,1,1,3,1,5,1,1972.0,2,676,0,0,0,0,0,0,0,3,2010,2
277,840,50,70.0,11767,5,6,1946,1995,0.0,352,0,416,768,768,432,0,1200,0,0,1,0,3,1,6,0,1946.0,1,240,0,0,0,0,0,0,0,5,2008,2
278,1075,20,74.0,8556,7,5,2006,2006,0.0,0,0,1240,1240,1240,0,0,1240,0,0,2,0,2,1,5,0,2006.0,3,826,140,93,0,0,0,0,0,5,2007,2
279,246,20,80.0,10400,7,5,1988,1988,102.0,929,0,916,1845,1872,0,0,1872,0,1,2,0,3,1,6,1,1988.0,2,604,197,39,0,0,0,0,0,6,2006,3
280,1150,70,50.0,9000,7,9,1920,1988,0.0,624,0,26,650,832,650,0,1482,0,1,1,0,3,1,7,0,1930.0,2,324,0,0,0,0,0,0,0,7,2009,2
281,458,20,69.75590551181102,53227,4,6,1954,1994,0.0,1116,0,248,1364,1663,0,0,1663,1,0,1,0,2,1,6,2,1954.0,2,529,224,137,0,0,0,0,0,3,2008,3
282,1222,20,55.0,8250,5,5,1968,1968,0.0,250,492,210,952,1211,0,0,1211,0,0,1,0,3,1,5,1,1968.0,1,322,0,63,0,0,0,0,0,8,2008,2
283,842,70,60.0,10440,5,8,1904,2002,0.0,0,0,650,650,958,581,0,1539,0,0,2,0,3,1,8,1,1983.0,2,686,70,78,68,0,0,0,0,6,2008,2
284,851,120,36.0,4435,6,5,2003,2003,170.0,659,0,189,848,848,0,0,848,1,0,1,0,1,1,3,0,2003.0,2,420,140,0,0,0,0,0,0,11,2007,2
285,202,20,75.0,10125,6,6,1977,1977,0.0,641,279,276,1196,1279,0,0,1279,0,1,2,0,3,1,6,2,1980.0,2,473,238,83,0,0,0,0,0,2,2008,2
286,881,20,60.0,7024,5,5,2005,2006,0.0,980,0,110,1090,1090,0,0,1090,1,0,1,1,2,1,5,0,2005.0,2,450,0,49,0,0,0,0,0,6,2007,2
287,509,70,60.0,9600,7,9,1928,2005,0.0,141,0,548,689,689,689,0,1378,0,0,2,0,3,1,7,1,1928.0,2,360,0,0,116,0,0,0,0,10,2008,2
288,1426,20,80.0,10721,6,6,1959,1959,243.0,0,0,1252,1252,1252,0,0,1252,0,0,1,0,3,1,7,0,1960.0,2,528,0,39,0,0,0,0,0,10,2008,2
289,286,160,35.0,4251,7,5,2006,2007,0.0,0,0,625,625,625,625,0,1250,0,0,2,1,2,1,5,0,2006.0,2,528,0,54,0,0,0,0,0,6,2007,2
290,523,50,50.0,5000,6,7,1947,1950,0.0,399,0,605,1004,1004,660,0,1664,0,0,2,0,3,1,7,2,1950.0,2,420,0,24,36,0,0,0,0,10,2006,2
291,682,50,55.0,4500,5,5,1932,2000,0.0,182,0,611,793,848,672,0,1520,0,0,1,0,3,1,6,0,1968.0,1,281,0,0,56,0,0,0,0,7,2009,2
